<?xml version="1.0" encoding="UTF-8"?>
<!DOCTYPE mapper PUBLIC "-//mybatis.org//DTD Mapper 3.0//EN" "http://mybatis.org/dtd/mybatis-3-mapper.dtd">

<!-- MovieBoard와 관련된 sql 명령어들을 저장하는 파일 -->
<!-- sql-map-config.xml에 클래스 전체 경로를 "movieBoard"로 alias 설정했음 -->
<mapper namespace="movieBoardMapper">
	<!-- 게시판 조회 -->
	<select id="getBoardList" parameterType="movieBoard" resultType="movieBoard">
		SELECT * 
		  FROM movieBoard 
	  ORDER BY mbseq DESC
	</select>
	
	<!-- 게시글 조회 -->
	<select id="getBoard" parameterType="movieBoard" resultType="movieBoard">
		SELECT * 
		  FROM movieBoard 
		 WHERE mbseq=#{mbseq}
	</select>
	
	<!-- 게시글 작성 -->
	<insert id="insertBoard" parameterType="movieBoard">
		INSERT INTO movieBoard(mseq, mbseq, title, writer, content, uploadFile)
		     VALUES (mseq=#{mseq}, openBoard_seq.NEXTVAL, title=#{title}, writer=#{writer}, content=#{content}, uploadFile=#{uploadFile})
	</insert>
	
	<!-- 게시글 수정 -->
	<update id="updateBoard" parameterType="movieBoard">
		UPDATE movieBoard 
		   SET(title=#{title}, content=#{content}, uploadFile=#{uploadFile}, modDate=SYSDATE) 
		 WHERE mbseq=#{mbseq}
	</update>	
	
	<!-- 게시글 삭제 -->
	<delete id="deleteBoard" parameterType="movieBoard">
		DELETE movieBoard 
		 WHERE mbseq=#{mbseq}
	</delete>
	
	<!-- 조회수 증가 -->
	<update id="updateCount" parameterType="movieBoard">
		UPDATE movieBoard
		   SET readCount=readCount+1
		 WHERE mbseq=#{mbseq}
	</update>
	
	<!-- 추천수 증가 -->
	<update id="updateHit" parameterType="movieBoard">
		UPDATE movieBoard
		   SET hit=hit+1
		 WHERE mbseq=#{mbseq}
	</update>
</mapper>







