<?xml version="1.0" encoding="UTF-8"?>
<!DOCTYPE mapper PUBLIC "-//mybatis.org//DTD Mapper 3.0//EN" "http://mybatis.org/dtd/mybatis-3-mapper.dtd">

<!-- OpenBoard와 관련된 sql 명령어들을 저장하는 파일 -->
<!-- sql-map-config.xml에 클래스 전체 경로를 "openBoard"로 alias 설정했음 -->
<mapper namespace="openBoardMapper">
	<!-- 게시판 조회 -->
	<select id="getBoardList" parameterType="openBoard" resultType="openBoard">
		SELECT * 
		  FROM openBoard 
	  ORDER BY obseq DESC
	</select>
	
	<!-- 게시글 조회 -->
	<select id="getBoard" parameterType="openBoard" resultType="openBoard">
		SELECT * 
		  FROM openBoard 
		 WHERE obseq=#{obseq}
	</select>
	
	<!-- 게시글 작성 -->
	<insert id="insertBoard" parameterType="openBoard">
		INSERT INTO openBoard(obseq, tab, title, writer, content, uploadFile)
		     VALUES (openBoard_seq.NEXTVAL, tab=#{tab}, title=#{title}, writer=#{writer}, content=#{content}, uploadFile=#{uploadFile})
	</insert>
	
	<!-- 게시글 수정 -->
	<update id="updateBoard" parameterType="openBoard">
		UPDATE openBoard 
		   SET(tab=#{tab}, title=#{title}, content=#{content}, uploadFile=#{uploadFile}, modDate=SYSDATE) 
		 WHERE obseq=#{obseq}
	</update>	
	
	<!-- 게시글 삭제 -->
	<delete id="deleteBoard" parameterType="openBoard">
		DELETE openBoard 
		 WHERE obseq=#{obseq}
	</delete>
	
	<!-- 조회수 증가 -->
	<update id="updatereadCount" parameterType="openBoard">
		UPDATE openBoard
		   SET readCount=readCount+1
		 WHERE obseq=#{obseq}
	</update>
	
	<!-- 추천수 증가 -->
	<update id="updateHit" parameterType="openBoard">
		UPDATE openBoard
		   SET hit=hit+1
		 WHERE obseq=#{obseq}
	</update>
</mapper>







