<?xml version="1.0" encoding="UTF-8"?>
<!DOCTYPE mapper PUBLIC "-//mybatis.org//DTD Mapper 3.0//EN" "http://mybatis.org/dtd/mybatis-3-mapper.dtd">

<!-- User와 관련된 sql 명령어들을 저장하는 파일 -->
<!-- sql-map-config.xml에 클래스 전체 경로를 "user"로 alias 설정했음 -->
<mapper namespace="userMapper">
	<!-- 로그인 -->
	<select id="getUser" resultType="user">
		SELECT *
		  FROM users
		 WHERE id=#{id} AND pwd=#{pwd}
	</select>
	
	<!-- 회원가입 -->
	<insert id="insertUser" parameterType="user">
		INSERT INTO users(id, pwd, name, email, phone) 
		     VALUES(#{id}, #{pwd}, #{name}, #{email}, #{phone})
	</insert>

	<!-- 아이디 수정 -->
	<update id="updateId" parameterType="user">
		UPDATE users 
		   SET (id=#{id}, email=#{email}, phone=#{phone})
		 WHERE id=#{id}
	</update>
	
	<!-- 비밀번호 수정 -->
	<update id="updatePwd" parameterType="user">
		UPDATE users 
		   SET (pwd=#{pwd}, email=#{email}, phone=#{phone})
		 WHERE id=#{id}
	</update>	
	
	<!-- 회원탈퇴 -->
	<delete id="deleteUser" parameterType="user">
		DELETE users 
		 WHERE id=#{id}
	</delete>
</mapper>










