<?xml version="1.0" encoding="UTF-8"?>
<beans xmlns="http://www.springframework.org/schema/beans"
	xmlns:xsi="http://www.w3.org/2001/XMLSchema-instance"
	xmlns:context="http://www.springframework.org/schema/context"
	xmlns:mvc="http://www.springframework.org/schema/mvc"
	xmlns:aop="http://www.springframework.org/schema/aop"
	xmlns:tx="http://www.springframework.org/schema/tx"
	xsi:schemaLocation="http://www.springframework.org/schema/mvc http://www.springframework.org/schema/mvc/spring-mvc-4.3.xsd
		http://www.springframework.org/schema/beans http://www.springframework.org/schema/beans/spring-beans.xsd
		http://www.springframework.org/schema/context http://www.springframework.org/schema/context/spring-context-4.3.xsd
		http://www.springframework.org/schema/aop http://www.springframework.org/schema/aop/spring-aop-4.3.xsd
		http://www.springframework.org/schema/tx http://www.springframework.org/schema/tx/spring-tx-4.3.xsd">

<!-- applicationContext.xml은 비즈니스 계층	-->
	
  <!-- @Component이하의 어노테이션을 읽는 설정 : Namespaces에서 context 체크 -->
  <context:component-scan base-package="com.ezen"></context:component-scan>
  
  <!-- @ExceptionHandler 어노테이션을 사용할 수 있는 설정 -->
  <!-- JSON, HttpMessageConverter를 구현한 모든 변환기 생성 -->
  <mvc:annotation-driven></mvc:annotation-driven>
  
  <!-- AOP 어노테이션 설정 -->
  <aop:aspectj-autoproxy></aop:aspectj-autoproxy>

  <!-- DataSource 설정, 특정 DBMS로의 연결을 획득, DB연동을 처리하기 위해 필요 -->
  <context:property-placeholder location="classpath:config/database.properties"/>
  <bean id="dataSource" class="org.apache.commons.dbcp.BasicDataSource">
	<property name="driverClassName" value="${jdbc.driver}"/>
	<property name="url" value="${jdbc.url}"/>
	<property name="username" value="${jdbc.username}"/>
	<property name="password" value="${jdbc.password}"/>
  </bean>

  <!-- SqlSessionFactoryBean 등록, mapper와 config안의 쿼리문 수행 -->
  <bean id="sessionFactory" class="org.mybatis.spring.SqlSessionFactoryBean">
	<property name="dataSource" ref="dataSource"></property>
	<property name="configLocation" value="classpath:sql-map-config.xml"></property>
  </bean>
	
  <!-- SqlSessionTemplate 등록. 위의 SqlSessionFactoryBean을 수행해주는 객체 생성, 위의 SqlSessionFactoryBean을 참조해야 하는데 Setter가 없어서 생성자 주입 방식으로 DI -->
  <bean class="org.mybatis.spring.SqlSessionTemplate">
	<constructor-arg ref="sessionFactory"></constructor-arg>
  </bean>
  
  <!-- 트랜잭션 관리자 등록 -->
  <bean id="txManager" class="org.springframework.jdbc.datasource.DataSourceTransactionManager">
	<property name="dataSource" ref="dataSource"></property>
  </bean>	
	
  <!-- 트랜잭션 어드바이스 등록 -->
  <tx:advice id="txAdvice" transaction-manager="txManager">
	<tx:attributes>
		<tx:method name="get*" read-only="true"/>
		<tx:method name="*"/>
	</tx:attributes>
  </tx:advice>

  <!-- 트랜잭션 AOP 설정 -->
  <aop:config>
	<!-- 포인트컷 정의 -->
	<aop:pointcut id="txPointcut" expression="execution(* com.ezen.biz..*(..))"/>
	
	<!-- weaving, 트랜잭션 시에는 aspect가 아닌 advisor 사용-->
	<aop:advisor pointcut-ref="txPointcut" advice-ref="txAdvice"/>
  </aop:config>  

</beans>
