<?xml version="1.0" encoding="UTF-8"?>
<beans xmlns="http://www.springframework.org/schema/beans"
	xmlns:xsi="http://www.w3.org/2001/XMLSchema-instance"
	xmlns:context="http://www.springframework.org/schema/context"
	xsi:schemaLocation="http://www.springframework.org/schema/beans http://www.springframework.org/schema/beans/spring-beans.xsd
		http://www.springframework.org/schema/context http://www.springframework.org/schema/context/spring-context-3.1.xsd">

	<!-- applicationContext.xml은 비즈니스 계층	-->
	
	<!-- @Component이하의 어노테이션을 읽는 설정 : Namespaces에서 context 체크 -->
	<context:component-scan base-package="com.ezen"></context:component-scan>

	<!-- DataSource 설정, 특정 DBMS로의 연결을 획득, DB연동을 처리하기 위해 필요 -->
	<context:property-placeholder location="classpath:config/database.properties"/>
	<bean id="dataSource" class="org.apache.commons.dbcp.BasicDataSource">
		<property name="driverClassName" value="${jdbc.driver}"></property>
		<property name="url" value="${jdbc.url}"></property>
		<property name="username" value="${jdbc.username}"></property>
		<property name="password" value="${jdbc.password}"></property>
	</bean>	
	
	<!-- SqlSessionFactoryBean 등록, mapper와 config안의 쿼리문 수행 -->
	<bean id="sessionFactory" class="org.mybatis.spring.SqlSessionFactoryBean">
		<property name="dataSource" ref="dataSource"></property>
		<property name="configLocation" value="classpath:sql-map-config.xml"></property>
	</bean>
	
	<!-- SqlSessionTemplate 등록. 위의 SqlSessionFactoryBean을 수행해주는 객체 생성, 위의 SqlSessionFactoryBean을 참조해야 하는데 Setter가 없어서 생성자 주입 방식으로 DI -->
 	<bean class="org.mybatis.spring.SqlSessionTemplate">
		<constructor-arg ref="sessionFactory"></constructor-arg>
  	</bean>
</beans>
