<?xml version="1.0" encoding="UTF-8"?>
<!DOCTYPE configuration
  PUBLIC "-//mybatis.org//DTD Config 3.0//EN"
  "http://mybatis.org/dtd/mybatis-3-config.dtd">
 
 <!-- DB 연결을 위한 datasource와 DB 작업 시 사용할 객체와 sql매핑 등을 지정 -->
  
<configuration>
	<!-- sql mapper에서 사용할 클래스들의 별칭 선언 -->
	<typeAliases>
		<typeAlias type="com.ezen.dto.UserDto" alias="user"/>
		<!-- 
		<typeAlias type="com.ezen.dto.OpenBoardDto" alias="openBoard"/>
		<typeAlias type="com.ezen.dto.OpenBoardReplyDto" alias="openBoardReply"/>
		<typeAlias type="com.ezen.dto.MovieBoardDto" alias="movieBoard"/>
		<typeAlias type="com.ezen.dto.MovieBoardReplyDto" alias="movieBoardReply"/>
		-->
	</typeAliases>
	
	<!-- sql 명령어들이 저장된 sql 파일 등록 (여러 파일 등록 가능) -->
	<mappers>
		<mapper resource="mappings/user-mapping.xml"/>
		<!-- 
		<mapper resource="mappings/openBoard-mapping.xml"/>
		<mapper resource="mappings/openBoardReply-mapping.xml"/>
		<mapper resource="mappings/movieBoard-mapping.xml"/>
		<mapper resource="mappings/movieBoardReply-mapping.xml"/>
	 	-->
	</mappers>
		
</configuration>









