<?xml version="1.0" encoding="UTF-8"?>
<!DOCTYPE mapper PUBLIC "-//mybatis.org//DTD Mapper 3.0//EN" "http://mybatis.org/dtd/mybatis-3-mapper.dtd">

<!-- Board와 관련된 sql 명령어들을 저장하는 파일 -->
<!-- sql-map-config.xml에 클래스 전체 경로를 "board"로 alias 설정했음 -->

<mapper namespace="boardMapper">
	<!-- 게시판 조회 -->
	<select id="getBoardList" resultType="board">
		SELECT bno, title, content, writer, hit, regDate
		  FROM board
	  ORDER BY bno DESC
	</select>
	
	<!-- 게시판 조회_페이징 -->
	<select id="getBoardListPaging" resultType="board">
		<![CDATA[
		SELECT *
		  FROM (SELECT row_number() OVER(ORDER BY bno DESC) rn, bno, title, content, writer, hit, regDate
		  		  FROM board)
		 WHERE rn <= #{criteria.page}*#{criteria.pageSize}
		   AND rn > (#{criteria.page}-1)*#{criteria.pageSize}
	    ]]>
	</select>
	<!-- 
	<select id="getBoardListPaging" resultType="board">
		SELECT *
		  FROM (SELECT row_number() OVER(ORDER BY bno DESC) rn, bno, title, content, writer, hit, regDate
		  		  FROM board)
		 WHERE rn BETWEEN 1 AND 10
	</select>  
	-->
	
	<!-- 총 게시글 수 계산 -->
	<select id="getBoardCount" resultType="int">
		SELECT count(*)
		  FROM board
	</select>

	<!-- 글 조회 -->
	<select id="getBoard" resultType="board">
		SELECT bno, title, content, writer, hit, regDate
		  FROM board
		 WHERE bno=#{bno}
	</select>	

	<!-- 조회수 -->
	<update id="updateHit">
		UPDATE board
		   SET hit=hit+1
		 WHERE bno=#{bno} 
	</update>
	
	<!-- 글 등록 -->
	<insert id="insertBoard">
		INSERT
		  INTO board (bno, title, content, writer)
		VALUES (board_seq.NEXTVAL, #{title}, #{content}, #{writer})
	</insert>
	
	<!-- 글 수정 -->
	<update id="updateBoard">
		UPDATE board
		   SET title=#{title}, content=#{content}
		 WHERE bno=#{bno}
	</update>
	
	<!-- 글 삭제 -->
	<delete id="deleteBoard">
		DELETE 
		  FROM board
		 WHERE bno=#{bno}
	</delete>
	
</mapper>











